<?xml version="1.0" encoding="UTF-8"?>
<!DOCTYPE fontscolors PUBLIC "-//NetBeans//DTD Editor Fonts and Colors settings 1.1//EN" "http://www.netbeans.org/dtds/EditorFontsColors-1_1.dtd">
<fontscolors>
    <fontcolor bgColor="white" foreColor="white" name="caret-color-insert-mode"/>
    <fontcolor foreColor="ff6b8eb2" name="nbeditor-bracesMatching-sidebar"/>
    <fontcolor foreColor="lightGray" name="trailing-whitespace"/>
    <fontcolor foreColor="ffd3d3d3" name="indent-guide-lines"/>
    <fontcolor foreColor="ffffebeb" name="text-limit-line-color"/>
    <fontcolor bgColor="darkGray" name="readonly-files"/>
    <fontcolor foreColor="blue" name="hyperlinks" underline="blue"/>
    <fontcolor foreColor="red" name="status-bar-bold"/>
    <fontcolor bgColor="white" foreColor="white" name="caret-color-overwrite-mode"/>
    <fontcolor name="status-bar"/>
    <fontcolor foreColor="ffcc0099" name="synchronized-text-blocks-ext"/>
    <fontcolor bgColor="gray" foreColor="yellow" name="highlight-search"/>
    <fontcolor foreColor="ff996600" name="synchronized-text-blocks-ext-slave"/>
    <fontcolor bgColor="red" foreColor="white" name="nbeditor-bracesMatching-mismatch"/>
    <fontcolor foreColor="white" name="code-folding"/>
    <fontcolor bgColor="ffe0e8f1" name="block-search"/>
    <fontcolor bgColor="black" name="nbeditor-bracesMatching-match-multichar"/>
    <fontcolor foreColor="white" name="line-number"/>
    <fontcolor bgColor="darkGray" name="highlight-caret-row"/>
    <fontcolor bgColor="ff49483e" name="selection"/>
    <fontcolor bgColor="ffff9900" name="inc-search"/>
    <fontcolor name="indent-whitespace"/>
    <fontcolor foreColor="white" name="code-folding-bar"/>
    <fontcolor bgColor="red" foreColor="white" name="nbeditor-bracesMatching-mismatch-multichar"/>
    <fontcolor bgColor="yellow" foreColor="black" name="nbeditor-bracesMatching-match"/>
    <fontcolor bgColor="darkGray" name="guarded"/>
</fontscolors>
