<?xml version="1.0" encoding="UTF-8"?>
<!DOCTYPE fontscolors PUBLIC "-//NetBeans//DTD Editor Fonts and Colors settings 1.1//EN" "http://www.netbeans.org/dtds/EditorFontsColors-1_1.dtd">
<fontscolors>
    <fontcolor foreColor="yellow" name="char"/>
    <fontcolor foreColor="orange" name="markup-element"/>
    <fontcolor foreColor="white" name="private"/>
    <fontcolor foreColor="fff4f4f4" name="protected"/>
    <fontcolor default="string" name="markup-attribute-value"/>
    <fontcolor foreColor="gray" name="unused" waveUnderlined="pink"/>
    <fontcolor name="constructor">
        <font style="bold"/>
    </fontcolor>
    <fontcolor name="abstract">
        <font size="14" style="italic"/>
    </fontcolor>
    <fontcolor bgColor="red" name="deprecated" strikeThrough="darkGray"/>
    <fontcolor foreColor="white" name="static">
        <font style="italic"/>
    </fontcolor>
    <fontcolor bgColor="darkGray" foreColor="ffff5400" name="error"/>
    <fontcolor foreColor="fffd971f" name="method-parameter">
        <font style="italic"/>
    </fontcolor>
    <fontcolor foreColor="fff92672" name="keyword"/>
    <fontcolor name="whitespace"/>
    <fontcolor name="class">
        <font style="italic"/>
    </fontcolor>
    <fontcolor foreColor="ffad81ff" name="number"/>
    <fontcolor name="enum"/>
    <fontcolor name="interface"/>
    <fontcolor foreColor="ff66cc00" name="operator"/>
    <fontcolor name="url" underline="ff4e5d93"/>
    <fontcolor foreColor="ffa6e22e" name="field">
        <font style="bold"/>
    </fontcolor>
    <fontcolor bgColor="ff263238" foreColor="white" name="default">
        <font name="Monospaced" size="14" style="bold"/>
    </fontcolor>
    <fontcolor foreColor="ffe6db74" name="string"/>
    <fontcolor foreColor="pink" name="entity-reference"/>
    <fontcolor foreColor="ff66d9ef" name="method">
        <font style="bold"/>
    </fontcolor>
    <fontcolor foreColor="white" name="public"/>
    <fontcolor foreColor="ff75715e" name="comment"/>
    <fontcolor foreColor="white" name="local-variable"/>
    <fontcolor foreColor="white" name="identifier"/>
    <fontcolor name="warning" waveUnderlined="yellow"/>
    <fontcolor foreColor="lightGray" name="separator"/>
    <fontcolor foreColor="ffa6e22e" name="markup-attribute"/>
</fontscolors>
