<?xml version="1.0" encoding="UTF-8"?>
<!DOCTYPE fontscolors PUBLIC "-//NetBeans//DTD Editor Fonts and Colors settings 1.1//EN" "http://www.netbeans.org/dtds/EditorFontsColors-1_1.dtd">
<fontscolors>
    <fontcolor bgColor="green" foreColor="white" name="caret-color-insert-mode"/>
    <fontcolor foreColor="ff6b8eb2" name="nbeditor-bracesMatching-sidebar"/>
    <fontcolor foreColor="lightGray" name="trailing-whitespace"/>
    <fontcolor foreColor="darkGray" name="indent-guide-lines"/>
    <fontcolor foreColor="darkGray" name="text-limit-line-color"/>
    <fontcolor bgColor="darkGray" name="readonly-files"/>
    <fontcolor bgColor="darkGray" name="hyperlinks" underline="gray"/>
    <fontcolor foreColor="orange" name="status-bar-bold"/>
    <fontcolor bgColor="green" foreColor="white" name="caret-color-overwrite-mode"/>
    <fontcolor name="status-bar"/>
    <fontcolor bgColor="darkGray" foreColor="lightGray" name="synchronized-text-blocks-ext"/>
    <fontcolor bgColor="gray" foreColor="orange" name="highlight-search"/>
    <fontcolor foreColor="orange" name="synchronized-text-blocks-ext-slave"/>
    <fontcolor bgColor="orange" foreColor="black" name="nbeditor-bracesMatching-mismatch"/>
    <fontcolor foreColor="lightGray" name="code-folding"/>
    <fontcolor bgColor="ffe0e8f1" name="block-search"/>
    <fontcolor bgColor="darkGray" foreColor="gray" name="nbeditor-bracesMatching-match-multichar"/>
    <fontcolor foreColor="gray" name="line-number"/>
    <fontcolor bgColor="ff26292d" name="highlight-caret-row"/>
    <fontcolor bgColor="ff49483e" name="selection"/>
    <fontcolor bgColor="darkGray" foreColor="lightGray" name="inc-search"/>
    <fontcolor name="indent-whitespace"/>
    <fontcolor foreColor="gray" name="code-folding-bar"/>
    <fontcolor bgColor="orange" foreColor="black" name="nbeditor-bracesMatching-mismatch-multichar"/>
    <fontcolor bgColor="darkGray" foreColor="gray" name="nbeditor-bracesMatching-match"/>
    <fontcolor bgColor="darkGray" foreColor="lightGray" name="guarded"/>
</fontscolors>
