<?xml version="1.0" encoding="UTF-8"?>
<!DOCTYPE fontscolors PUBLIC "-//NetBeans//DTD Editor Fonts and Colors settings 1.1//EN" "http://www.netbeans.org/dtds/EditorFontsColors-1_1.dtd">
<fontscolors>
    <fontcolor foreColor="red" name="error"/>
    <fontcolor foreColor="white" name="equals"/>
    <fontcolor name="whitespace"/>
    <fontcolor foreColor="ff9999ff" name="value"/>
    <fontcolor foreColor="ff509a05" name="section_delim">
        <font style="bold"/>
    </fontcolor>
    <fontcolor foreColor="ff969696" name="comment"/>
    <fontcolor foreColor="ff509a05" name="section">
        <font style="bold"/>
    </fontcolor>
    <fontcolor foreColor="cyan" name="key"/>
</fontscolors>
