<?xml version="1.0" encoding="UTF-8"?>
<!DOCTYPE fontscolors PUBLIC "-//NetBeans//DTD Editor Fonts and Colors settings 1.1//EN" "http://www.netbeans.org/dtds/EditorFontsColors-1_1.dtd">
<fontscolors>
    <fontcolor foreColor="ffa6e22e" name="mod-method">
        <font style="bold"/>
    </fontcolor>
    <fontcolor default="comment" name="mod-annotation-type">
        <font style="bold"/>
    </fontcolor>
    <fontcolor default="uncovered" name="uncovered"/>
    <fontcolor name="mod-deprecated" strikeThrough="black"/>
    <fontcolor bgColor="ff171814" name="mark-occurrences" underline="lightGray"/>
    <fontcolor default="field" foreColor="white" name="mod-field"/>
    <fontcolor foreColor="lightGray" name="heredocdelimiter"/>
    <fontcolor foreColor="lightGray" name="phpopenclose">
        <font style="bold"/>
    </fontcolor>
    <fontcolor default="covered" name="covered"/>
    <fontcolor default="constant" name="constant">
        <font style="italic"/>
    </fontcolor>
    <fontcolor default="keyword" name="keyword">
        <font style="italic"/>
    </fontcolor>
    <fontcolor name="mod-static">
        <font style="italic"/>
    </fontcolor>
    <fontcolor default="number" name="number"/>
    <fontcolor default="partial" name="partial"/>
    <fontcolor default="inferred" name="inferred"/>
    <fontcolor default="operator" foreColor="fff9264c" name="operator"/>
    <fontcolor name="mod-class">
        <font style="bold"/>
    </fontcolor>
    <fontcolor name="mod-unused" waveUnderlined="ff999999"/>
    <fontcolor default="comment" name="commentline"/>
    <fontcolor default="comment" foreColor="ff9999ff" name="htmltag">
        <font style="bold"/>
    </fontcolor>
    <fontcolor default="string" foreColor="fff7d8a0" name="string"/>
    <fontcolor default="method" name="mod-custom1"/>
    <fontcolor default="comment" name="comment"/>
    <fontcolor default="comment" foreColor="lightGray" name="phpdockeyword">
        <font style="bold"/>
    </fontcolor>
    <fontcolor name="variable"/>
    <fontcolor default="identifier" foreColor="ff5cd9ef" name="identifier"/>
    <fontcolor default="separator" name="separator"/>
</fontscolors>
